Artikelnummer;Kategorie;Artikelname;EK-Preis laut PDF (€);Verpackungseinheit;Produktfoto;PDF-Seite
ART-001;Einweg E-Zigaretten;Lost Mary 800 Einweg E-Zigarette - Tropical Fruit;34.5;10 Stk.;Produktfotos/001.jpg;1
ART-002;Einweg E-Zigaretten;Lost Mary 800 Einweg E-Zigarette - Pineapple Acai;34.5;10 Stk.;Produktfotos/002.jpg;1
ART-003;Einweg E-Zigaretten;Lost Mary 800 Einweg E-Zigarette - Peach Strawberry Watermelon Ice;34.5;10 Stk.;Produktfotos/003.jpg;2
ART-004;Einweg E-Zigaretten;Lost Mary 800 Einweg E-Zigarette - Mix Berries;34.5;10 Stk.;Produktfotos/004.jpg;2
ART-005;Einweg E-Zigaretten;Lost Mary 800 Einweg E-Zigarette - Cherry Ice;34.5;10 Stk.;Produktfotos/005.jpg;2
ART-006;Einweg E-Zigaretten;Lost Mary 800 Einweg E-Zigarette - Apple Peach;34.5;10 Stk.;Produktfotos/006.jpg;2
ART-007;Einweg E-Zigaretten;Lost Mary 800 Einweg E-Zigarette - Blackberry Cherry;34.5;10 Stk.;Produktfotos/007.jpg;3
ART-008;Einweg E-Zigaretten;Lost Mary 800 Einweg E-Zigarette - Blackberry Ice;34.5;10 Stk.;Produktfotos/008.jpg;3
ART-009;Einweg E-Zigaretten;Lost Mary 800 Einweg E-Zigarette - Blueberry Melon Passion Fruit;34.5;10 Stk.;Produktfotos/009.jpg;3
ART-010;Einweg E-Zigaretten;Lost Mary 800 Einweg E-Zigarette - Blueberry Raspberry Blackberry;34.5;10 Stk.;Produktfotos/010.jpg;3
ART-011;Einweg E-Zigaretten;Lost Mary 800 Einweg E-Zigarette - Cherry Cola;34.5;10 Stk.;Produktfotos/011.jpg;4
ART-012;Einweg E-Zigaretten;Lost Mary 800 Einweg E-Zigarette - Grape Ice;34.5;10 Stk.;Produktfotos/012.jpg;4
ART-013;Einweg E-Zigaretten;Lost Mary 800 Einweg E-Zigarette - Lemon Lime;34.5;10 Stk.;Produktfotos/013.jpg;4
ART-014;Einweg E-Zigaretten;Lost Mary 800 Einweg E-Zigarette - Mint;34.5;10 Stk.;Produktfotos/014.jpg;4
ART-015;Einweg E-Zigaretten;Lost Mary 800 Einweg E-Zigarette - Peach Ice;34.5;10 Stk.;Produktfotos/015.jpg;5
ART-016;Einweg E-Zigaretten;Lost Mary 800 Einweg E-Zigarette - Orange Cola;34.5;10 Stk.;Produktfotos/016.jpg;5
ART-017;Einweg E-Zigaretten;Lost Mary 800 Einweg E-Zigarette - Watermelon;34.5;10 Stk.;Produktfotos/017.jpg;5
ART-018;Einweg E-Zigaretten;Lost Mary 800 Einweg E-Zigarette - Blueberry;34.5;10 Stk.;Produktfotos/018.jpg;5
ART-019;Einweg E-Zigaretten;Elfbar 800 Einweg E-Zigarette - Sweet Berries;36.5;10 Stk.;Produktfotos/019.jpg;6
ART-020;Einweg E-Zigaretten;Elfbar 800 Einweg E-Zigarette - Red Berries;36.5;10 Stk.;Produktfotos/020.jpg;6
ART-021;Einweg E-Zigaretten;Elfbar 800 Einweg E-Zigarette - Pineapple Coconut;36.5;10 Stk.;Produktfotos/021.jpg;6
ART-022;Einweg E-Zigaretten;Elfbar 800 Einweg E-Zigarette - Frozen Berries;36.5;10 Stk.;Produktfotos/022.jpg;6
ART-023;Einweg E-Zigaretten;Elfbar 800 Einweg E-Zigarette - Cream Tobacco;36.5;10 Stk.;Produktfotos/023.jpg;7
ART-024;Einweg E-Zigaretten;Elfbar 800 Einweg E-Zigarette - Cola;36.5;10 Stk.;Produktfotos/024.jpg;7
ART-025;Einweg E-Zigaretten;Elfbar 800 Einweg E-Zigarette - Blackberry Grape;36.5;10 Stk.;Produktfotos/025.jpg;7
ART-026;Einweg E-Zigaretten;Elfbar 800 Einweg E-Zigarette - Blackberry Cherry;36.5;10 Stk.;Produktfotos/026.jpg;7
ART-027;Einweg E-Zigaretten;Elfbar 800 Einweg E-Zigarette - Berry Mint;36.5;10 Stk.;Produktfotos/027.jpg;8
ART-028;Einweg E-Zigaretten;Elfbar 800 Einweg E-Zigarette - Peach Ice;36.5;10 Stk.;Produktfotos/028.jpg;8
ART-029;Einweg E-Zigaretten;Elfbar 800 Einweg E-Zigarette - Apple Peach;36.5;10 Stk.;Produktfotos/029.jpg;8
ART-030;Einweg E-Zigaretten;Elfbar 800 Einweg E-Zigarette - Watermelon;36.5;10 Stk.;Produktfotos/030.jpg;8
ART-031;Einweg E-Zigaretten;Elfbar 800 Einweg E-Zigarette - Mixed Berries;36.5;10 Stk.;Produktfotos/031.jpg;9
ART-032;Einweg E-Zigaretten;Elfbar 800 Einweg E-Zigarette - Menthol;36.5;10 Stk.;Produktfotos/032.jpg;9
ART-033;Einweg E-Zigaretten;Elfbar 800 Einweg E-Zigarette - Grape Mint;36.5;10 Stk.;Produktfotos/033.jpg;9
ART-034;Einweg E-Zigaretten;Elfbar 800 Einweg E-Zigarette - Cherry;36.5;10 Stk.;Produktfotos/034.jpg;9
ART-035;Einweg E-Zigaretten;Elfbar 800 Einweg E-Zigarette - Blackberry Ice;36.5;10 Stk.;Produktfotos/035.jpg;10
ART-036;Einweg E-Zigaretten;Elfbar 800 Einweg E-Zigarette - Blueberry;36.5;10 Stk.;Produktfotos/036.jpg;10
ART-037;Einweg E-Zigaretten;Elfbar 800 Einweg E-Zigarette - Blue Razz Lemonade;36.5;10 Stk.;Produktfotos/037.jpg;10
ART-038;Einweg E-Zigaretten;Elfbar 800 Einweg E-Zigarette - Strawberry Apricot;36.5;10 Stk.;Produktfotos/038.jpg;10
ART-039;Einweg E-Zigaretten;Elfbar 800 Einweg E-Zigarette - Dragon Fruit Strawberry;36.5;10 Stk.;Produktfotos/039.jpg;11
ART-040;Einweg E-Zigaretten;Elfbar 800 Einweg E-Zigarette - Coconut Blueberry;36.5;10 Stk.;Produktfotos/040.jpg;11
ART-041;Einweg E-Zigaretten;Elfbar 800 Einweg E-Zigarette - Cactus Ice;36.5;10 Stk.;Produktfotos/041.jpg;11
ART-042;Einweg E-Zigaretten;Elfbar 800 Einweg E-Zigarette - Strawberry Raspberry Cherry Ice;36.5;10 Stk.;Produktfotos/042.jpg;11
ART-043;Einweg E-Zigaretten;Elfbar 800 Einweg E-Zigarette - Strawberry Ice;36.5;10 Stk.;Produktfotos/043.jpg;12
ART-044;Einweg E-Zigaretten;Elfbar 800 Einweg E-Zigarette - Pineapple Ice;36.5;10 Stk.;Produktfotos/044.jpg;12
ART-045;Einweg E-Zigaretten;Elfbar 800 Einweg E-Zigarette - Lemon Lime;36.5;10 Stk.;Produktfotos/045.jpg;12
ART-046;Einweg E-Zigaretten;Elfbar 800 Einweg E-Zigarette - Kiwi Passion Fruit Guava;36.5;10 Stk.;Produktfotos/046.jpg;12
ART-047;Einweg E-Zigaretten;Lost Mary BM600 CP Einweg E-Zigarette - Cherry Ice;33.5;10 Stk.;Produktfotos/047.jpg;13
ART-048;Einweg E-Zigaretten;Lost Mary BM600 CP Einweg E-Zigarette - Grape;33.5;10 Stk.;Produktfotos/048.jpg;13
ART-049;Einweg E-Zigaretten;Lost Mary BM600 CP Einweg E-Zigarette - Peach Ice (ehem. Juicy Peach);33.5;10 Stk.;Produktfotos/049.jpg;13
ART-050;Einweg E-Zigaretten;Lost Mary BM600 CP Einweg E-Zigarette - Marygy Ice;33.5;10 Stk.;Produktfotos/050.jpg;13
ART-051;Einweg E-Zigaretten;Lost Mary BM600 CP Einweg E-Zigarette - Crazy Apple;33.5;10 Stk.;Produktfotos/051.jpg;14
ART-052;Einweg E-Zigaretten;Lost Mary BM600 CP Einweg E-Zigarette - Kiwi Passion Fruit Guava;33.5;10 Stk.;Produktfotos/052.jpg;14
ART-053;Einweg E-Zigaretten;Lost Mary BM600 CP Einweg E-Zigarette - Pink Lemonade;33.5;10 Stk.;Produktfotos/053.jpg;14
ART-054;Prefilled Pod Kits;2x Elfbar ELFA Pod Filter Series - Cream Tobacco;50.0;10 Stk.;Produktfotos/054.jpg;15
ART-055;Prefilled Pod Kits;2x Elfbar ELFA Pod Filter Series - American Blend Tobacco;50.0;10 Stk.;Produktfotos/055.jpg;15
ART-056;Prefilled Pod Kits;Lost Mary Wavi Basisgerät;36.0;10 Stk.;Produktfotos/056.jpg;16
ART-057;Prefilled Pod Kits;2x Lost Mary Wavi Pod - Apple Peach;47.5;10 Stk.;Produktfotos/057.jpg;16
ART-058;Prefilled Pod Kits;2x Lost Mary Wavi Pod - Blackberry Ice;47.5;10 Stk.;Produktfotos/058.jpg;16
ART-059;Prefilled Pod Kits;2x Lost Mary Wavi Pod - Blue Razz Lemonade;47.5;10 Stk.;Produktfotos/059.jpg;16
ART-060;Prefilled Pod Kits;2x Lost Mary Wavi Pod - Blueberry;47.5;10 Stk.;Produktfotos/060.jpg;17
ART-061;Prefilled Pod Kits;2x Lost Mary Wavi Pod - Blueberry Sour Raspberry;47.5;10 Stk.;Produktfotos/061.jpg;17
ART-062;Prefilled Pod Kits;2x Lost Mary Wavi Pod - Cherry Cola;47.5;10 Stk.;Produktfotos/062.jpg;17
ART-063;Prefilled Pod Kits;2x Lost Mary Wavi Pod - Cherry Ice;47.5;10 Stk.;Produktfotos/063.jpg;17
ART-064;Prefilled Pod Kits;2x Lost Mary Wavi Pod - Cola;47.5;10 Stk.;Produktfotos/064.jpg;18
ART-065;Prefilled Pod Kits;2x Lost Mary Wavi Pod - Double Apple;47.5;10 Stk.;Produktfotos/065.jpg;18
ART-066;Prefilled Pod Kits;2x Lost Mary Wavi Pod - Grape;47.5;10 Stk.;Produktfotos/066.jpg;18
ART-067;Prefilled Pod Kits;2x Lost Mary Wavi Pod - Kiwi Passion Fruit Guava;47.5;10 Stk.;Produktfotos/067.jpg;18
ART-068;Prefilled Pod Kits;2x Lost Mary Wavi Pod - Lemon Lime;47.5;10 Stk.;Produktfotos/068.jpg;19
ART-069;Prefilled Pod Kits;2x Lost Mary Wavi Pod - Lemon Mint;47.5;10 Stk.;Produktfotos/069.jpg;19
ART-070;Prefilled Pod Kits;2x Lost Mary Wavi Pod - Maryturbo;47.5;10 Stk.;Produktfotos/070.jpg;19
ART-071;Prefilled Pod Kits;2x Lost Mary Wavi Pod - Menthol;47.5;10 Stk.;Produktfotos/071.jpg;19
ART-072;Prefilled Pod Kits;2x Lost Mary Wavi Pod - Mix Berries;47.5;10 Stk.;Produktfotos/072.jpg;20
ART-073;Prefilled Pod Kits;2x Lost Mary Wavi Pod - Peach Ice;47.5;10 Stk.;Produktfotos/073.jpg;20
ART-074;Prefilled Pod Kits;2x Lost Mary Wavi Pod - Pink Lemonade;47.5;10 Stk.;Produktfotos/074.jpg;20
ART-075;Prefilled Pod Kits;2x Lost Mary Wavi Pod - Raspberry Watermelon;47.5;10 Stk.;Produktfotos/075.jpg;20
ART-076;Prefilled Pod Kits;2x Lost Mary Wavi Pod - Strawberry Ice;47.5;10 Stk.;Produktfotos/076.jpg;21
ART-077;Prefilled Pod Kits;2x Lost Mary Wavi Pod - Strawberry Raspberry Cherry Ice;47.5;10 Stk.;Produktfotos/077.jpg;21
ART-078;Prefilled Pod Kits;2x Lost Mary Wavi Pod - Triple Mango;47.5;10 Stk.;Produktfotos/078.jpg;21
ART-079;Prefilled Pod Kits;2x Lost Mary Wavi Pod - Tropical Fruit;47.5;10 Stk.;Produktfotos/079.jpg;21
ART-080;Prefilled Pod Kits;2x Lost Mary Wavi Pod - Watermelon;47.5;10 Stk.;Produktfotos/080.jpg;22
ART-081;Prefilled Pod Kits;2x Lost Mary Wavi Pod - Wild Orange;47.5;10 Stk.;Produktfotos/081.jpg;22
ART-082;Prefilled Pod Kits;2x Elfbar ELFA Pod - Raspberry Peach;50.0;10 Stk.;Produktfotos/082.jpg;22
ART-083;Prefilled Pod Kits;2x Elfbar ELFA Pod - Vanilla White Peach;50.0;10 Stk.;Produktfotos/083.jpg;22
ART-084;Prefilled Pod Kits;2x Elfbar ELFA Pod - Triple Berries;50.0;10 Stk.;Produktfotos/084.jpg;23
ART-085;Prefilled Pod Kits;2x Elfbar ELFA Pod - Ice Tea Lemon;50.0;10 Stk.;Produktfotos/085.jpg;23
ART-086;Prefilled Pod Kits;2x Elfbar ELFA Pod - Double Mint;50.0;10 Stk.;Produktfotos/086.jpg;24
ART-087;Prefilled Pod Kits;Elfbar Elfa Turbo Pro Refillable Pod Kit;72.0;10 Stk.;Produktfotos/087.jpg;24
ART-088;Prefilled Pod Kits;2x Elfbar ELFA Pod - Blackberry Cherry;50.0;10 Stk.;Produktfotos/088.jpg;24
ART-089;Prefilled Pod Kits;2x Elfbar ELFA Pod - Frozen Berries;50.0;10 Stk.;Produktfotos/089.jpg;24
ART-090;Prefilled Pod Kits;2x Elfbar ELFA Pod - Hazelnut Coffee;50.0;10 Stk.;Produktfotos/090.jpg;25
ART-091;Prefilled Pod Kits;Elfbar ELFA Basisgerät - Limited;100.0;10 Stk.;Produktfotos/091.jpg;25
ART-092;Prefilled Pod Kits;2x Elfbar ELFA Pod - Dragon Fruit Blackberry;50.0;10 Stk.;Produktfotos/092.jpg;25
ART-093;Prefilled Pod Kits;2x Elfbar ELFA Pod - Pineapple Coconut;50.0;10 Stk.;Produktfotos/093.jpg;25
ART-094;Prefilled Pod Kits;2x Elfbar ELFA Pod - Cola & Orange;50.0;10 Stk.;Produktfotos/094.jpg;26
ART-095;Prefilled Pod Kits;Elfbar Elfa Turbo Refillable Pod Kit;60.0;10 Stk.;Produktfotos/095.jpg;26
ART-096;Prefilled Pod Kits;2x Elfbar ELFA Pod - Blackberry Lemon;50.0;10 Stk.;Produktfotos/096.jpg;26
ART-097;Prefilled Pod Kits;2x Elfbar ELFA Pod - Golden Tobacco;50.0;10 Stk.;Produktfotos/097.jpg;26
ART-098;Prefilled Pod Kits;2x Elfbar ELFA Pod - Strawberry Ice;50.0;10 Stk.;Produktfotos/098.jpg;27
ART-099;Prefilled Pod Kits;2x Elfbar ELFA Pod - Menthol;50.0;10 Stk.;Produktfotos/099.jpg;27
ART-100;Prefilled Pod Kits;2x Elfbar ELFA Pod - Grape Ice;50.0;10 Stk.;Produktfotos/100.jpg;27
ART-101;Prefilled Pod Kits;2x Elfbar Elfa Turbo Refillable Pod;32.0;10 Stk.;Produktfotos/101.jpg;27
ART-102;Prefilled Pod Kits;2x Elfbar ELFA Pod - Watermelon;50.0;10 Stk.;Produktfotos/102.jpg;28
ART-103;Prefilled Pod Kits;2x Elfbar ELFA Pod - Tropical Fruit;50.0;10 Stk.;Produktfotos/103.jpg;28
ART-104;Prefilled Pod Kits;2x Elfbar ELFA Pod - Peach Ice;50.0;10 Stk.;Produktfotos/104.jpg;28
ART-105;Prefilled Pod Kits;2x Elfbar ELFA Pod - Mix Berries;50.0;10 Stk.;Produktfotos/105.jpg;28
ART-106;Prefilled Pod Kits;2x Elfbar ELFA Pod - Kiwi Passion Fruit Guava;50.0;10 Stk.;Produktfotos/106.jpg;29
ART-107;Prefilled Pod Kits;2x Elfbar ELFA Pod - Cherry;50.0;10 Stk.;Produktfotos/107.jpg;29
ART-108;Prefilled Pod Kits;2x Elfbar ELFA Pod - Blueberry;50.0;10 Stk.;Produktfotos/108.jpg;29
ART-109;Prefilled Pod Kits;2x Elfbar ELFA Pod - Apple Peach;50.0;10 Stk.;Produktfotos/109.jpg;29
ART-110;Prefilled Pod Kits;2x Elfbar ELFA Pod - Watermelon Cherry;50.0;10 Stk.;Produktfotos/110.jpg;30
ART-111;Prefilled Pod Kits;2x Elfbar ELFA Pod - Blackberry Ice;50.0;10 Stk.;Produktfotos/111.jpg;30
ART-112;Prefilled Pod Kits;2x Elfbar ELFA Pod - Lemon Mint;50.0;10 Stk.;Produktfotos/112.jpg;30
ART-113;Prefilled Pod Kits;2x Elfbar ELFA Refillable Pod;32.0;10 Stk.;Produktfotos/113.jpg;30
ART-114;Prefilled Pod Kits;2x Lost Mary TAPPO Prefilled Pod - Watermelon Cherry;42.0;10 Stk.;Produktfotos/114.jpg;31
ART-115;Prefilled Pod Kits;2x Lost Mary TAPPO Prefilled Pod - Marystorm;42.0;10 Stk.;Produktfotos/115.jpg;31
ART-116;Prefilled Pod Kits;2x Lost Mary TAPPO Prefilled Pod - Watermelon Mojito;42.0;10 Stk.;Produktfotos/116.jpg;31
ART-117;Prefilled Pod Kits;2x Lost Mary TAPPO Prefilled Pod - Watermelon;42.0;10 Stk.;Produktfotos/117.jpg;31
ART-118;Prefilled Pod Kits;Lost Mary TAPPO Basisgerät;38.0;10 Stk.;Produktfotos/118.jpg;32
ART-119;Prefilled Pod Kits;2x Elfbar ELFA Pod - Strawberry Raspberry;50.0;10 Stk.;Produktfotos/119.jpg;32
ART-120;Prefilled Pod Kits;2x Elfbar ELFA Pod - Strawberry Kiwi;50.0;10 Stk.;Produktfotos/120.jpg;32
ART-121;Prefilled Pod Kits;2x Elfbar ELFA Pod - Pink Lemonade;50.0;10 Stk.;Produktfotos/121.jpg;32
ART-122;Prefilled Pod Kits;2x Elfbar ELFA Pod - Blueberry Sour Raspberry;50.0;10 Stk.;Produktfotos/122.jpg;33
ART-123;Prefilled Pod Kits;2x Elfbar ELFA Pod - Blue Razz Lemonade;50.0;10 Stk.;Produktfotos/123.jpg;33
ART-124;Prefilled Pod Kits;2x Elfbar ELFA Pod - Cola;50.0;10 Stk.;Produktfotos/124.jpg;33
ART-125;Prefilled Pod Kits;2x Elfbar ELFA Pod - Mango;50.0;10 Stk.;Produktfotos/125.jpg;33
ART-126;Prefilled Pod Kits;2x Elfbar ELFA Pod - Blueberry Snoow (ehem. Berry Snoow);50.0;10 Stk.;Produktfotos/126.jpg;34
ART-127;Prefilled Pod Kits;2x Elfbar ELFA Pod - Strawberry Grape;50.0;10 Stk.;Produktfotos/127.jpg;34
ART-128;Prefilled Pod Kits;Elfbar ELFA Basisgerät;38.0;10 Stk.;Produktfotos/128.jpg;35
ART-129;ELFLIQ by Elfbar;ELFBAR ELFLIQ Dragon Fruit Blackberry Nikotinsalz Liquid 10 ml;55.5;10 Stk.;Produktfotos/129.jpg;36
ART-130;ELFLIQ by Elfbar;ELFBAR ELFLIQ Cactus Ice Nikotinsalz Liquid 10 ml;55.5;10 Stk.;Produktfotos/130.jpg;36
ART-131;ELFLIQ by Elfbar;ELFBAR ELFLIQ Frozen Berries Nikotinsalz Liquid 10 ml;55.5;10 Stk.;Produktfotos/131.jpg;37
ART-132;ELFLIQ by Elfbar;ELFBAR ELFLIQ Coconut Blueberry Nikotinsalz Liquid 10 ml;55.5;10 Stk.;Produktfotos/132.jpg;37
ART-133;ELFLIQ by Elfbar;ELFBAR ELFLIQ Pineapple Coconut Nikotinsalz Liquid 10 ml;55.5;10 Stk.;Produktfotos/133.jpg;37
ART-134;ELFLIQ by Elfbar;ELFBAR ELFLIQ Lemon Mint Nikotinsalz Liquid 10 ml;55.5;10 Stk.;Produktfotos/134.jpg;37
ART-135;ELFLIQ by Elfbar;ELFBAR ELFLIQ Blackberry Cherry Nikotinsalz Liquid 10 ml;55.5;10 Stk.;Produktfotos/135.jpg;38
ART-136;ELFLIQ by Elfbar;ELFBAR ELFLIQ Tropical Fruit Nikotinsalz Liquid 10 ml;55.5;10 Stk.;Produktfotos/136.jpg;38
ART-137;ELFLIQ by Elfbar;ELFBAR ELFLIQ Mix Berries Nikotinsalz Liquid 10 ml;55.5;10 Stk.;Produktfotos/137.jpg;38
ART-138;ELFLIQ by Elfbar;ELFBAR ELFLIQ Menthol Nikotinsalz Liquid 10 ml;55.5;10 Stk.;Produktfotos/138.jpg;38
ART-139;ELFLIQ by Elfbar;ELFBAR ELFLIQ Blackberry Ice Nikotinsalz Liquid 10 ml;55.5;10 Stk.;Produktfotos/139.jpg;39
ART-140;ELFLIQ by Elfbar;ELFBAR ELFLIQ Strawberry Raspberry Cherry Ice Nikotinsalz Liquid 10 ml;55.5;10 Stk.;Produktfotos/140.jpg;39
ART-141;ELFLIQ by Elfbar;ELFBAR ELFLIQ Sour Apple Nikotinsalz Liquid 10 ml;55.5;10 Stk.;Produktfotos/141.jpg;39
ART-142;ELFLIQ by Elfbar;ELFBAR ELFLIQ Pineapple Mango Orange Nikotinsalz Liquid 10 ml;55.5;10 Stk.;Produktfotos/142.jpg;39
ART-143;ELFLIQ by Elfbar;ELFBAR ELFLIQ Blackberry Lemon Nikotinsalz Liquid 10 ml;55.5;10 Stk.;Produktfotos/143.jpg;40
ART-144;ELFLIQ by Elfbar;ELFBAR ELFLIQ Cherry Cola Nikotinsalz Liquid 10 ml;55.5;10 Stk.;Produktfotos/144.jpg;40
ART-145;ELFLIQ by Elfbar;ELFBAR ELFLIQ Mango Nikotinsalz Liquid 10 ml;55.5;10 Stk.;Produktfotos/145.jpg;40
ART-146;ELFLIQ by Elfbar;ELFBAR ELFLIQ Spearmint Nikotinsalz Liquid 10 ml;55.5;10 Stk.;Produktfotos/146.jpg;40
ART-147;ELFLIQ by Elfbar;ELFBAR ELFLIQ Blue Razz Lemonade Nikotinsalz Liquid 10 ml;55.5;10 Stk.;Produktfotos/147.jpg;41
ART-148;ELFLIQ by Elfbar;ELFBAR ELFLIQ Kiwi Passion Fruit Guava Nikotinsalz Liquid 10 ml;55.5;10 Stk.;Produktfotos/148.jpg;41
ART-149;ELFLIQ by Elfbar;ELFBAR ELFLIQ Cola Nikotinsalz Liquid 10 ml;55.5;10 Stk.;Produktfotos/149.jpg;41
ART-150;ELFLIQ by Elfbar;ELFBAR ELFLIQ Watermelon Nikotinsalz Liquid 10 ml;55.5;10 Stk.;Produktfotos/150.jpg;41
ART-151;ELFLIQ by Elfbar;ELFBAR ELFLIQ Strawberry Kiwi Nikotinsalz Liquid 10 ml;55.5;10 Stk.;Produktfotos/151.jpg;42
ART-152;ELFLIQ by Elfbar;ELFBAR ELFLIQ Strawberry Ice Nikotinsalz Liquid 10 ml;55.5;10 Stk.;Produktfotos/152.jpg;42
ART-153;ELFLIQ by Elfbar;ELFBAR ELFLIQ Pink Lemonade Nikotinsalz Liquid 10 ml;55.5;10 Stk.;Produktfotos/153.jpg;42
ART-154;ELFLIQ by Elfbar;ELFBAR ELFLIQ Peach Ice Nikotinsalz Liquid 10 ml;55.5;10 Stk.;Produktfotos/154.jpg;42
ART-155;ELFLIQ by Elfbar;ELFBAR ELFLIQ Grape Nikotinsalz Liquid 10 ml;55.5;10 Stk.;Produktfotos/155.jpg;43
ART-156;ELFLIQ by Elfbar;ELFBAR ELFLIQ Cherry Nikotinsalz Liquid 10 ml;55.5;10 Stk.;Produktfotos/156.jpg;43
ART-157;ELFLIQ by Elfbar;ELFBAR ELFLIQ Blueberry Nikotinsalz Liquid 10 ml;55.5;10 Stk.;Produktfotos/157.jpg;43
ART-158;ELFLIQ by Elfbar;ELFBAR ELFLIQ Blueberry Sour Raspberry Nikotinsalz Liquid 10 ml;55.5;10 Stk.;Produktfotos/158.jpg;43
ART-159;ELFLIQ by Elfbar;ELFBAR ELFLIQ Apple Peach Nikotinsalz Liquid 10 ml;55.5;10 Stk.;Produktfotos/159.jpg;44
ART-160;Pod Kits;Elfbar ELFX Pro Refillable Kit V2.0 Pods;15.9;nicht angegeben;Produktfotos/160.jpg;45
ART-161;Pod Kits;Elfbar ELFX 2 Refillable Kit;8.2;nicht angegeben;Produktfotos/161.jpg;45
ART-162;Pod Kits;Elfbar Elfa Turbo Pro Refillable Pod Kit;7.2;nicht angegeben;Produktfotos/162.jpg;46
ART-163;Pod Kits;Elfbar ELFX Mini Kit;6.0;nicht angegeben;Produktfotos/163.jpg;46
ART-164;Pod Kits;Elfbar ELFX Mega Kit;11.0;nicht angegeben;Produktfotos/164.jpg;46
ART-165;Pod Kits;Elfbar ELFX Mega Pod Tank Verdampfer 5 ml;2.8;nicht angegeben;Produktfotos/165.jpg;46
ART-166;Pod Kits;Elfbar Elfa Turbo Refillable Pod Kit;6.0;nicht angegeben;Produktfotos/166.jpg;47
ART-167;Pod Kits;Elfbar ELFX Pro Refillable Kit;15.9;nicht angegeben;Produktfotos/167.jpg;47
ART-168;Pod Kits;Elfbar Elfa Master Basisgerät;6.0;nicht angegeben;Produktfotos/168.jpg;47
ART-169;Pod Kits;Elfbar ELFX Refillable Kit;7.9;nicht angegeben;Produktfotos/169.jpg;47
